[検索タイプ] : 企業検索,,,,,,,,,,,
[検索条件] : 〔 業種（東証） ： 水産・農林業 OR 鉱　業 OR 建設業 OR 食料品 OR 繊維製品 OR パルプ・紙 OR 化　学 OR 医薬品 OR 石油・石炭製品 OR ゴム製品 OR ガラス・土石製品 OR 鉄　鋼 OR 非鉄金属 OR 金属製品 OR 機　械 OR 電気機器 OR 輸送用機器 OR 精密機器 OR その他製品 OR 電気・ガス業 OR 陸運業 OR 海運業 OR 空運業 OR 倉庫・運輸関連業 OR 情報・通信業 OR 卸売業 OR 小売業 OR 銀行業 OR 証券、商品先物取引業 OR 保険業 OR その他金融業 OR 不動産業 OR サービス業 〕 AND 〔 決算月 ： 3月 〕 AND 〔 連結/非連結 ： 非連結 〕 AND 〔 その他表示項目 ： 時価総額（直近終値ベース） 〕,,,,,,,,,,,
[並び順] : 〔 証券コード ： 昇順 〕,,,,,,,,,,,
,,,,,,,,,,,
[No],[証券コード],[EDINETコード],[企業名],[業種（東証）],[上場市場],[決算月],[会計方式],[連結/非連結],[監査法人],[時価総額（直近終値ベース）[百万円]],[ウォッチリスト]
1,1450,E34486,田中建設工業㈱,建設業,JASDAQ スタンダード,3月末日,日本基準,非連結,ひびき監査法人," 10,091 ",--
2,1717,E05377,明豊ファシリティワークス㈱,サービス業,東証一部,3月末日,日本基準,非連結,監査法人日本橋事務所," 10,885 ",--
3,1730,E00308,麻生フオームクリート㈱,建設業,JASDAQ スタンダード,3月末日,日本基準,非連結,EY新日本有限責任監査法人," 2,024 ",--
4,1734,E00306,㈱北弘電社,建設業,札証上場,3月末日,日本基準,非連結,EY新日本有限責任監査法人," 2,385 ",--
5,1777,E00271,川崎設備工業㈱,建設業,名証二部,3月末日,日本基準,非連結,有限責任あずさ監査法人," 5,160 ",--
6,1787,E00260,㈱ナカボーテック,建設業,JASDAQ スタンダード,3月末日,日本基準,非連結,有限責任あずさ監査法人," 15,823 ",--
7,1793,E00255,㈱大本組,建設業,JASDAQ スタンダード,3月末日,日本基準,非連結,有限責任監査法人トーマツ," 27,098 ",--
8,1799,E00250,第一建設工業㈱,建設業,JASDAQ スタンダード,3月末日,日本基準,非連結,EY新日本有限責任監査法人," 42,551 ",--
9,1847,E00117,㈱イチケン,建設業,東証一部,3月末日,日本基準,非連結,有限責任監査法人トーマツ," 13,676 ",--
10,1848,E00238,㈱富士ピー・エス,建設業,東証一部、福証上場,3月末日,日本基準,非連結,有限責任監査法人トーマツ," 10,473 ",--
11,1853,E00130,㈱森組,建設業,東証二部,3月末日,日本基準,非連結,有限責任あずさ監査法人," 10,036 ",--
12,1971,E00091,中央ビルト工業㈱,金属製品,東証二部,3月末日,日本基準,非連結,ＵＨＹ東京監査法人," 1,477 ",--
13,1972,E00109,三晃金属工業㈱,建設業,東証一部,3月末日,日本基準,非連結,有限責任あずさ監査法人," 10,014 ",--
14,1981,E00189,㈱協和日成,建設業,JASDAQ スタンダード,3月末日,日本基準,非連結,藍監査法人," 13,157 ",--
15,2136,E05657,㈱ヒップ,サービス業,JASDAQ スタンダード,3月末日,日本基準,非連結,EY新日本有限責任監査法人," 3,259 ",--
16,2137,E05670,㈱光ハイツ・ヴェラス,サービス業,札証アンビシャス,3月末日,日本基準,非連結,監査法人銀河," 1,562 ",--
17,2152,E05691,幼児活動研究会㈱,サービス業,JASDAQ スタンダード,3月末日,日本基準,非連結,ＰｗＣ京都監査法人," 13,728 ",--
18,2176,E20922,㈱イナリサーチ,サービス業,JASDAQ スタンダード,3月末日,日本基準,非連結,有限責任監査法人トーマツ," 2,183 ",--
19,2204,E00372,㈱中村屋,食料品,東証一部,3月末日,日本基準,非連結,Moore至誠監査法人," 22,590 ",--
20,2218,E00382,日糧製パン㈱,食料品,札証上場,3月末日,日本基準,非連結,監査法人ハイビスカス," 4,420 ",--
21,2332,E05310,㈱クエスト,情報・通信業,JASDAQ スタンダード,3月末日,日本基準,非連結,有限責任監査法人トーマツ," 7,913 ",--
22,2334,E33595,㈱イオレ,サービス業,東証マザーズ,3月末日,日本基準,非連結,東陽監査法人," 3,646 ",--
23,2397,E05389,㈱ＤＮＡチップ研究所,サービス業,東証二部,3月末日,日本基準,非連結,清友監査法人," 3,954 ",--
24,2540,E00400,養命酒製造㈱,食料品,東証一部、名証一部,3月末日,日本基準,非連結,新日本有限責任監査法人," 30,294 ",--
25,2586,E31035,㈱フルッタフルッタ,食料品,東証マザーズ,3月末日,日本基準,非連結,"監査法人アリア,監査法人の結論"," 2,903 ",--
26,2656,E05112,㈱ベクター,小売業,JASDAQ スタンダード,3月末日,日本基準,非連結,EY新日本有限責任監査法人," 4,482 ",--
27,2782,E03418,㈱セリア,小売業,JASDAQ スタンダード,3月末日,日本基準,非連結,有限責任監査法人トーマツ," 291,225 ",--
28,2790,E03421,㈱ナフコ,小売業,JASDAQ スタンダード,3月末日,日本基準,非連結,新日本有限責任監査法人," 58,675 ",--
29,2806,E00465,ユタカフーズ㈱,食料品,東証二部、名証二部,3月末日,日本基準,非連結,名古屋監査法人," 16,958 ",--
30,2814,E00484,佐藤食品工業㈱,食料品,JASDAQ スタンダード,3月末日,日本基準,非連結,EY新日本有限責任監査法人," 14,735 ",--
31,2816,E00501,㈱ダイショー,食料品,東証二部,3月末日,日本基準,非連結,有限責任監査法人トーマツ," 13,372 ",--
32,2876,E00488,㈱デルソーレ,食料品,JASDAQ スタンダード,3月末日,日本基準,非連結,明星監査法人," 4,525 ",--
33,2883,E31012,㈱大冷,食料品,東証一部,3月末日,日本基準,非連結,有限責任あずさ監査法人," 11,758 ",--
34,2892,E00442,日本食品化工㈱,食料品,東証二部,3月末日,日本基準,非連結,有限責任監査法人トーマツ," 11,321 ",--
35,2919,E00497,㈱マルタイ,食料品,福証上場,3月末日,日本基準,非連結,EY新日本有限責任監査法人," 6,563 ",--
36,3077,E03505,ホリイフードサービス㈱,小売業,JASDAQ スタンダード,3月末日,日本基準,非連結,有限責任監査法人トーマツ," 2,687 ",--
37,3079,E03005,ディーブイエックス㈱,卸売業,東証一部,3月末日,日本基準,非連結,EY新日本有限責任監査法人," 10,488 ",--
38,3133,E31367,㈱海帆,小売業,東証マザーズ,3月末日,日本基準,非連結,フロンティア監査法人," 7,101 ",--
39,3136,E31588,㈱エコノス,小売業,札証アンビシャス,3月末日,日本基準,非連結,EY新日本有限責任監査法人, 657 ,--
40,3137,E31574,㈱ファンデリー,小売業,東証マザーズ,3月末日,日本基準,非連結,有限責任あずさ監査法人," 4,035 ",--
41,3179,E27051,シュッピン㈱,小売業,東証一部,3月末日,日本基準,非連結,太陽有限責任監査法人," 22,895 ",--
42,3190,E30451,㈱ホットマン,小売業,JASDAQ スタンダード,3月末日,日本基準,非連結,有限責任監査法人トーマツ," 3,870 ",--
43,3294,E30124,㈱イーグランド,不動産業,東証一部,3月末日,日本基準,非連結,新日本有限責任監査法人," 6,717 ",--
44,3316,E02966,東京日産コンピュータシステム㈱,卸売業,JASDAQ スタンダード,3月末日,日本基準,非連結,アーク有限責任監査法人," 3,899 ",--
45,3317,E03432,㈱フライングガーデン,小売業,JASDAQ スタンダード,3月末日,日本基準,非連結,監査法人Ａ＆Ａパートナーズ," 2,496 ",--
46,3358,E03451,ワイエスフード㈱,小売業,JASDAQ スタンダード,3月末日,日本基準,非連結,HLBMeisei有限責任監査法人," 1,870 ",--
47,3370,E03456,㈱フジタコーポレーション,小売業,JASDAQ スタンダード,3月末日,日本基準,非連結,清明監査法人, 989 ,--
48,3375,E03460,㈱ＺＯＡ,小売業,JASDAQ スタンダード,3月末日,日本基準,非連結,EY新日本有限責任監査法人," 1,718 ",--
49,3467,E32158,アグレ都市デザイン㈱,不動産業,東証一部,3月末日,日本基準,非連結,EY新日本有限責任監査法人," 6,090 ",--
50,3477,E32793,フォーライフ㈱,不動産業,東証マザーズ,3月末日,日本基準,非連結,有限責任監査法人トーマツ," 2,480 ",--
51,3484,E33435,㈱テンポイノベーション,不動産業,東証一部,3月末日,日本基準,非連結,有限責任あずさ監査法人," 16,897 ",--
52,3489,E33819,㈱フェイスネットワーク,不動産業,東証一部,3月末日,日本基準,非連結,EY新日本有限責任監査法人," 6,742 ",--
53,3542,E32420,㈱ベガコーポレーション,小売業,東証マザーズ,3月末日,日本基準,非連結,有限責任監査法人トーマツ," 15,790 ",--
54,3559,E33016,㈱ピーバンドットコム,卸売業,東証一部,3月末日,日本基準,非連結,EY新日本有限責任監査法人," 3,858 ",--
55,3634,E22461,㈱ソケッツ,情報・通信業,東証二部,3月末日,日本基準,非連結,ＥＹ新日本有限責任監査法人," 2,063 ",--
56,3658,E25888,㈱イーブックイニシアティブジャパン,情報・通信業,東証一部,3月末日,日本基準,非連結,有限責任監査法人トーマツ," 19,194 ",--
57,3682,E30085,エンカレッジ・テクノロジ㈱,情報・通信業,東証一部,3月末日,日本基準,非連結,有限責任あずさ監査法人," 4,632 ",--
58,3692,E30877,㈱ＦＦＲＩセキュリティ,情報・通信業,東証マザーズ,3月末日,日本基準,非連結,有限責任あずさ監査法人," 17,886 ",--
59,3739,E05401,コムシード㈱,情報・通信業,名証セントレックス,3月末日,日本基準,非連結,太陽有限責任監査法人," 2,950 ",--
60,3741,E05400,㈱セック,情報・通信業,東証一部,3月末日,日本基準,非連結,有限責任監査法人トーマツ," 13,603 ",--
61,3787,E05445,㈱テクノマセマティカル,情報・通信業,東証二部,3月末日,日本基準,非連結,普賢監査法人," 2,206 ",--
62,3834,E04496,㈱朝日ネット,情報・通信業,東証一部,3月末日,日本基準,非連結,EY新日本有限責任監査法人," 22,816 ",--
63,3841,E05669,㈱ジーダット,情報・通信業,JASDAQ スタンダード,3月末日,日本基準,非連結,有限責任監査法人トーマツ," 2,523 ",--
64,3849,E05690,日本テクノ・ラボ㈱,情報・通信業,札証アンビシャス,3月末日,日本基準,非連結,EY新日本有限責任監査法人," 2,011 ",--
65,3908,E31336,㈱コラボス,情報・通信業,東証マザーズ,3月末日,日本基準,非連結,EY新日本有限責任監査法人," 2,391 ",--
66,3924,E31948,㈱ランドコンピュータ,情報・通信業,東証一部,3月末日,日本基準,非連結,有限責任監査法人トーマツ," 6,400 ",--
67,3927,E31977,㈱フーバーブレイン,情報・通信業,東証マザーズ,3月末日,日本基準,非連結,清流監査法人," 4,401 ",--
68,3953,E00682,大村紙業㈱,パルプ・紙,JASDAQ スタンダード,3月末日,日本基準,非連結,仰星監査法人," 2,930 ",--
69,3956,E00737,国際チャート㈱,パルプ・紙,JASDAQ スタンダード,3月末日,日本基準,非連結,EY新日本有限責任監査法人," 1,932 ",--
70,3969,E32825,㈱エイトレッド,情報・通信業,東証一部,3月末日,日本基準,非連結,EY新日本有限責任監査法人," 16,841 ",--
71,4080,E01050,㈱田中化学研究所,化　学,JASDAQ スタンダード,3月末日,日本基準,非連結,有限責任あずさ監査法人," 32,598 ",--
72,4120,E00906,スガイ化学工業㈱,化　学,東証二部,3月末日,日本基準,非連結,有限責任あずさ監査法人," 2,102 ",--
73,4167,E36086,㈱ココペリ,情報・通信業,東証マザーズ,3月末日,日本基準,非連結,EY新日本有限責任監査法人," 40,594 ",--
74,4240,E02483,クラスターテクノロジー㈱,化　学,JASDAQ グロース,3月末日,日本基準,非連結,清友監査法人," 2,237 ",--
75,4274,E00850,細谷火工㈱,化　学,JASDAQ スタンダード,3月末日,日本基準,非連結,"公認会計士赤須会計事務所,黒須公認会計士事務所"," 4,640 ",--
76,4288,E05201,㈱アズジェント,情報・通信業,JASDAQ スタンダード,3月末日,日本基準,非連結,仰星監査法人," 4,193 ",--
77,4333,E05252,㈱東邦システムサイエンス,情報・通信業,東証一部,3月末日,日本基準,非連結,EY新日本有限責任監査法人," 12,756 ",--
78,4349,E05273,㈱テスク,情報・通信業,名証二部,3月末日,日本基準,非連結,太陽有限責任監査法人," 1,260 ",--
79,4367,E00837,広栄化学㈱,化　学,東証二部,3月末日,日本基準,非連結,有限責任あずさ監査法人," 13,092 ",--
80,4386,E34031,㈱ＳＩＧ,情報・通信業,東証二部,3月末日,日本基準,非連結,有限責任あずさ監査法人," 4,211 ",--
81,4388,E34052,㈱エーアイ,情報・通信業,東証マザーズ,3月末日,日本基準,非連結,有限責任あずさ監査法人," 9,059 ",--
82,4389,E34090,プロパティデータバンク㈱,情報・通信業,東証マザーズ,3月末日,日本基準,非連結,EY新日本有限責任監査法人," 10,641 ",--
83,4435,E34712,㈱カオナビ,情報・通信業,東証マザーズ,3月末日,日本基準,非連結,有限責任あずさ監査法人," 38,856 ",--
84,4488,E35345,ＡＩ　ｉｎｓｉｄｅ㈱,情報・通信業,東証マザーズ,3月末日,日本基準,非連結,有限責任監査法人トーマツ," 57,521 ",--
85,4512,E00928,わかもと製薬㈱,医薬品,東証一部,3月末日,日本基準,非連結,仰星監査法人," 12,193 ",--
86,4517,E00960,ビオフェルミン製薬㈱,医薬品,東証一部,3月末日,日本基準,非連結,太陽有限責任監査法人," 37,555 ",--
87,4531,E00848,有機合成薬品工業㈱,化　学,東証一部,3月末日,日本基準,非連結,監査法人保森会計事務所," 6,943 ",--
88,4538,E00953,扶桑薬品工業㈱,医薬品,東証一部,3月末日,日本基準,非連結,有限責任監査法人トーマツ," 21,624 ",--
89,4556,E00977,㈱カイノス,医薬品,JASDAQ スタンダード,3月末日,日本基準,非連結,EY新日本有限責任監査法人," 5,844 ",--
90,4558,E03289,㈱中京医薬品,医薬品,JASDAQ スタンダード,3月末日,日本基準,非連結,有限責任あずさ監査法人," 3,743 ",--
91,4571,E05728,ナノキャリア㈱,医薬品,東証マザーズ,3月末日,日本基準,非連結,有限責任あずさ監査法人," 21,803 ",--
92,4591,E30865,㈱リボミック,医薬品,東証マザーズ,3月末日,日本基準,非連結,有限責任あずさ監査法人," 9,070 ",--
93,4594,E31851,ブライトパス・バイオ㈱,医薬品,東証マザーズ,3月末日,日本基準,非連結,EY新日本有限責任監査法人," 9,250 ",--
94,4598,E34318,Ｄｅｌｔａ－Ｆｌｙ　Ｐｈａｒｍａ㈱,医薬品,東証マザーズ,3月末日,日本基準,非連結,三優監査法人," 9,153 ",--
95,4629,E00917,大伸化学㈱,化　学,JASDAQ スタンダード,3月末日,日本基準,非連結,應和監査法人," 6,433 ",--
96,4662,E04976,㈱フォーカスシステムズ,情報・通信業,東証一部,3月末日,日本基準,非連結,ＰｗＣあらた有限責任監査法人," 14,761 ",--
97,4679,E04990,㈱田谷,サービス業,東証一部,3月末日,日本基準,非連結,普賢監査法人," 2,815 ",--
98,4690,E05001,日本パレットプール㈱,サービス業,JASDAQ スタンダード,3月末日,日本基準,非連結,有限責任監査法人トーマツ," 2,457 ",--
99,4719,E05029,㈱アルファシステムズ,情報・通信業,東証一部,3月末日,日本基準,非連結,新日本有限責任監査法人," 50,869 ",--
100,4733,E05048,㈱オービックビジネスコンサルタント,情報・通信業,東証一部,3月末日,日本基準,非連結,太陽有限責任監査法人," 462,226 ",--
101,4736,E05054,日本ラッド㈱,情報・通信業,JASDAQ スタンダード,3月末日,日本基準,非連結,アスカ監査法人," 3,486 ",--
102,4752,E05075,㈱昭和システムエンジニアリング,情報・通信業,JASDAQ スタンダード,3月末日,日本基準,非連結,東邦監査法人," 3,506 ",--
103,4762,E05091,㈱エックスネット,情報・通信業,東証一部,3月末日,日本基準,非連結,有限責任あずさ監査法人," 8,385 ",--
104,4770,E05106,図研エルミック㈱,情報・通信業,東証二部,3月末日,日本基準,非連結,ＥＹ新日本有限責任監査法人," 2,149 ",--
105,4833,E05175,㈱Ｓｕｃｃｅｓｓ　Ｈｏｌｄｅｒｓ,サービス業,JASDAQ グロース,3月末日,日本基準,非連結,監査法人アヴァンティア," 6,552 ",--
106,4882,E35510,㈱ペルセウスプロテオミクス,医薬品,東証マザーズ,3月末日,日本基準,非連結,有限責任あずさ監査法人,--,--
107,4888,E35496,ステラファーマ㈱,医薬品,東証マザーズ,3月末日,日本基準,非連結,EY新日本有限責任監査法人," 14,695 ",--
108,4918,E01035,㈱アイビー化粧品,化　学,JASDAQ スタンダード,3月末日,日本基準,非連結,東光監査法人," 3,496 ",--
109,4923,E01059,コタ㈱,化　学,東証一部,3月末日,日本基準,非連結,監査法人和宏事務所," 35,409 ",--
110,4932,E35568,㈱アルマード,化　学,JASDAQ スタンダード,3月末日,日本基準,非連結,EY新日本有限責任監査法人,--,--
111,4952,E21969,㈱エス・ディー・エス　バイオテック,化　学,東証二部,3月末日,日本基準,非連結,有限責任監査法人トーマツ," 11,268 ",--
112,4957,E01033,ヤスハラケミカル㈱,化　学,東証二部,3月末日,日本基準,非連結,有限責任監査法人トーマツ," 6,330 ",--
113,4960,E00868,ケミプロ化成㈱,化　学,東証二部,3月末日,日本基準,非連結,有限責任あずさ監査法人," 4,139 ",--
114,4970,E01051,東洋合成工業㈱,化　学,JASDAQ スタンダード,3月末日,日本基準,非連結,EY新日本有限責任監査法人," 99,837 ",--
115,4973,E01060,日本高純度化学㈱,化　学,東証一部,3月末日,日本基準,非連結,EY新日本有限責任監査法人," 17,991 ",--
116,5071,E34454,㈱ヴィス,建設業,東証二部,3月末日,日本基準,非連結,有限責任あずさ監査法人," 4,856 ",--
117,5104,E01089,日東化工㈱,ゴム製品,東証二部,3月末日,日本基準,非連結,EY新日本有限責任監査法人," 1,658 ",--
118,5268,E01143,旭コンクリート工業㈱,ガラス・土石製品,東証二部,3月末日,日本基準,非連結,新創監査法人," 8,852 ",--
119,5277,E01174,㈱スパンクリートコーポレーション,ガラス・土石製品,JASDAQ スタンダード,3月末日,日本基準,非連結,有限責任監査法人トーマツ," 3,079 ",--
120,5287,E01216,㈱イトーヨーギョー,ガラス・土石製品,東証二部,3月末日,日本基準,非連結,監査法人アイ・ピー・オー," 4,352 ",--
121,5367,E01188,㈱ニッカトー,ガラス・土石製品,東証一部,3月末日,日本基準,非連結,清稜監査法人," 8,677 ",--
122,5386,E01204,㈱鶴弥,ガラス・土石製品,東証二部、名証二部,3月末日,日本基準,非連結,監査法人東海会計社," 3,208 ",--
123,5423,E01261,東京製鐵㈱,鉄　鋼,東証一部,3月末日,日本基準,非連結,有限責任あずさ監査法人," 175,377 ",--
124,5726,E01327,㈱大阪チタニウムテクノロジーズ,非鉄金属,東証一部,3月末日,日本基準,非連結,有限責任監査法人トーマツ," 31,059 ",--
125,5753,E01305,日本伸銅㈱,非鉄金属,東証二部,3月末日,日本基準,非連結,EY新日本有限責任監査法人," 3,602 ",--
126,5781,E01401,東邦金属㈱,非鉄金属,東証二部,3月末日,日本基準,非連結,監査法人和宏事務所," 2,359 ",--
127,5923,E01373,高田機工㈱,金属製品,東証一部,3月末日,日本基準,非連結,有限責任あずさ監査法人," 6,052 ",--
128,5928,E01320,アルメタックス㈱,金属製品,東証二部,3月末日,日本基準,非連結,有限責任監査法人トーマツ," 3,395 ",--
129,5935,E01433,元旦ビューティ工業㈱,金属製品,JASDAQ スタンダード,3月末日,日本基準,非連結,有限責任監査法人トーマツ," 3,240 ",--
130,5939,E01425,㈱大谷工業,金属製品,JASDAQ スタンダード,3月末日,日本基準,非連結,有限責任監査法人トーマツ," 4,681 ",--
131,5941,E01445,㈱中西製作所,金属製品,東証二部,3月末日,日本基準,非連結,EY新日本有限責任監査法人," 7,024 ",--
132,5951,E01427,ダイニチ工業㈱,金属製品,東証一部,3月末日,日本基準,非連結,EY新日本有限責任監査法人," 15,151 ",--
133,5962,E01391,浅香工業㈱,その他製品,東証二部,3月末日,日本基準,非連結,有限責任あずさ監査法人," 1,659 ",--
134,5979,E01448,カネソウ㈱,金属製品,名証二部,3月末日,日本基準,非連結,有限責任監査法人トーマツ," 5,932 ",--
135,6018,E01471,阪神内燃機工業㈱,輸送用機器,東証二部,3月末日,日本基準,非連結,ひびき監査法人," 6,026 ",--
136,6022,E01475,㈱赤阪鐵工所,機　械,東証二部,3月末日,日本基準,非連結,東陽監査法人," 2,464 ",--
137,6027,E31009,弁護士ドットコム㈱,サービス業,東証マザーズ,3月末日,日本基準,非連結,EY新日本有限責任監査法人," 192,352 ",--
138,6074,E27506,㈱ジェイエスエス,サービス業,JASDAQ スタンダード,3月末日,日本基準,非連結,ＰｗＣ京都監査法人," 2,274 ",--
139,6085,E30119,アーキテクツ・スタジオ・ジャパン㈱,サービス業,東証マザーズ,3月末日,日本基準,非連結,有限責任あずさ監査法人," 1,741 ",--
140,6111,E01550,旭精機工業㈱,機　械,名証二部,3月末日,日本基準,非連結,東陽監査法人," 5,918 ",--
141,6231,E35449,木村工機㈱,機　械,東証二部,3月末日,日本基準,非連結,EY新日本有限責任監査法人," 10,095 ",--
142,6238,E11661,フリュー㈱,機　械,東証一部,3月末日,日本基準,非連結,有限責任監査法人トーマツ," 34,096 ",--
143,6246,E01628,㈱テクノスマート,機　械,東証二部,3月末日,日本基準,非連結,仰星監査法人," 17,287 ",--
144,6248,E27530,㈱横田製作所,機　械,JASDAQ スタンダード,3月末日,日本基準,非連結,有限責任監査法人トーマツ," 2,158 ",--
145,6325,E01617,㈱タカキタ,機　械,東証一部、名証一部,3月末日,日本基準,非連結,有限責任あずさ監査法人," 9,310 ",--
146,6346,E01629,キクカワエンタープライズ㈱,機　械,東証二部、名証二部,3月末日,日本基準,非連結,五十鈴監査法人," 5,464 ",--
147,6347,E01651,㈱プラコー,機　械,JASDAQ スタンダード,3月末日,日本基準,非連結,監査法人ブレインワーク," 4,860 ",--
148,6356,E02173,日本ギア工業㈱,機　械,東証一部,3月末日,日本基準,非連結,新創監査法人," 4,641 ",--
149,6360,E01534,㈱東京自働機械製作所,機　械,東証二部,3月末日,日本基準,非連結,東陽監査法人," 2,558 ",--
150,6380,E01581,オリエンタルチエン工業㈱,機　械,東証二部,3月末日,日本基準,非連結,仰星監査法人, 950 ,--
151,6391,E01529,㈱加地テック,機　械,東証二部,3月末日,日本基準,非連結,有限責任あずさ監査法人," 10,857 ",--
152,6396,E01635,㈱宇野澤組鐵工所,機　械,東証二部,3月末日,日本基準,非連結,アーク有限責任監査法人," 2,942 ",--
153,6402,E01721,兼松エンジニアリング㈱,機　械,東証二部,3月末日,日本基準,非連結,EY新日本有限責任監査法人," 7,422 ",--
154,6414,E01681,川重冷熱工業㈱,機　械,JASDAQ スタンダード,3月末日,日本基準,非連結,有限責任あずさ監査法人," 13,371 ",--
155,6439,E01277,中日本鋳工㈱,機　械,名証二部,3月末日,日本基準,非連結,かがやき監査法人," 1,187 ",--
156,6495,E01624,㈱宮入バルブ製作所,機　械,東証二部,3月末日,日本基準,非連結,藍監査法人," 7,474 ",--
157,6538,E32795,㈱キャリアインデックス,サービス業,東証一部,3月末日,日本基準,非連結,EY新日本有限責任監査法人," 15,348 ",--
158,6545,E33005,㈱インターネットインフィニティー,サービス業,東証マザーズ,3月末日,日本基準,非連結,有限責任監査法人トーマツ," 3,186 ",--
159,6549,E33247,ディーエムソリューションズ㈱,サービス業,JASDAQ スタンダード,3月末日,日本基準,非連結,有限責任あずさ監査法人," 4,125 ",--
160,6565,E33638,ＡＢホテル㈱,サービス業,名証二部、JASDAQ スタンダード,3月末日,日本基準,非連結,有限責任あずさ監査法人," 21,788 ",--
161,6568,E33794,神戸天然物化学㈱,サービス業,東証マザーズ,3月末日,日本基準,非連結,有限責任あずさ監査法人," 10,453 ",--
162,6570,E33822,㈱共和コーポレーション,サービス業,東証二部,3月末日,日本基準,非連結,EY新日本有限責任監査法人," 2,990 ",--
163,6580,E34018,㈱ライトアップ,サービス業,東証マザーズ,3月末日,日本基準,非連結,ＰｗＣあらた有限責任監査法人," 17,882 ",--
164,6613,E35542,㈱ＱＤレーザ,電気機器,東証マザーズ,3月末日,日本基準,非連結,EY新日本有限責任監査法人," 56,475 ",--
165,6614,E36368,㈱シキノハイテック,電気機器,JASDAQ スタンダード,3月末日,日本基準,非連結,有限責任あずさ監査法人," 12,055 ",--
166,6648,E01754,㈱かわでん,電気機器,JASDAQ スタンダード,3月末日,日本基準,非連結,有限責任監査法人トーマツ," 10,689 ",--
167,6678,E02345,㈱テクノメディカ,電気機器,東証一部,3月末日,日本基準,非連結,監査法人シドー," 14,235 ",--
168,6709,E01792,明星電気㈱,電気機器,東証二部,3月末日,日本基準,非連結,EY新日本有限責任監査法人," 16,015 ",--
169,6836,E03346,ぷらっとホーム㈱,電気機器,東証二部,3月末日,日本基準,非連結,仰星監査法人," 1,756 ",--
170,6918,E01993,㈱アバールデータ,電気機器,JASDAQ スタンダード,3月末日,日本基準,非連結,有限責任監査法人トーマツ," 27,038 ",--
171,6969,E01933,松尾電機㈱,電気機器,東証二部,3月末日,日本基準,非連結,太陽有限責任監査法人," 2,116 ",--
172,6982,E01916,㈱リード,輸送用機器,東証二部,3月末日,日本基準,非連結,Moore至誠監査法人," 1,935 ",--
173,7031,E34070,㈱インバウンドテック,サービス業,東証マザーズ,3月末日,日本基準,非連結,三優監査法人," 3,476 ",--
174,7045,E34479,㈱ツクイスタッフ,サービス業,JASDAQ スタンダード,3月末日,日本基準,非連結,有限責任あずさ監査法人," 2,518 ",--
175,7046,E34487,テクノスデータサイエンス・エンジニアリング㈱,サービス業,東証マザーズ,3月末日,日本基準,非連結,太陽有限責任監査法人," 3,900 ",--
176,7079,E35335,ＷＤＢココ㈱,サービス業,東証マザーズ,3月末日,日本基準,非連結,有限責任監査法人トーマツ," 8,613 ",--
177,7088,E35487,㈱フォーラムエンジニアリング,サービス業,東証一部,3月末日,日本基準,非連結,有限責任あずさ監査法人," 25,774 ",--
178,7089,E35483,フォースタートアップス㈱,サービス業,東証マザーズ,3月末日,日本基準,非連結,三優監査法人," 4,673 ",--
179,7096,E35563,㈱ステムセル研究所,サービス業,東証マザーズ,3月末日,日本基準,非連結,有限責任あずさ監査法人,--,--
180,7157,E26327,ライフネット生命保険㈱,保険業,東証マザーズ,3月末日,日本基準,非連結,有限責任あずさ監査法人," 77,945 ",--
181,7164,E09753,全国保証㈱,その他金融業,東証一部,3月末日,日本基準,非連結,太陽有限責任監査法人," 324,730 ",--
182,7175,E30982,今村証券㈱,証券、商品先物取引業,JASDAQ スタンダード,3月末日,日本基準,非連結,有限責任あずさ監査法人," 5,250 ",--
183,7183,E31905,あんしん保証㈱,その他金融業,東証一部,3月末日,日本基準,非連結,ひびき監査法人," 6,471 ",--
184,7191,E32763,㈱イントラスト,その他金融業,東証一部,3月末日,日本基準,非連結,EY新日本有限責任監査法人," 15,806 ",--
185,7368,E36464,表示灯㈱,サービス業,東証二部,3月末日,日本基準,非連結,仰星監査法人," 12,857 ",--
186,7426,E02798,㈱山大,卸売業,JASDAQ スタンダード,3月末日,日本基準,非連結,有限責任監査法人トーマツ," 1,612 ",--
187,7443,E02806,横浜魚類㈱,卸売業,JASDAQ スタンダード,3月末日,日本基準,非連結,EY新日本有限責任監査法人," 3,453 ",--
188,7462,E03252,ダイヤ通商㈱,小売業,JASDAQ スタンダード,3月末日,日本基準,非連結,監査法人薄衣佐吉事務所," 2,162 ",--
189,7481,E02837,尾家産業㈱,卸売業,東証一部,3月末日,日本基準,非連結,EY新日本有限責任監査法人," 11,485 ",--
190,7506,E03266,㈱ハウス　オブ　ローゼ,小売業,東証一部,3月末日,日本基準,非連結,新日本有限責任監査法人," 7,665 ",--
191,7524,E03278,マルシェ㈱,小売業,東証一部,3月末日,日本基準,非連結,有限責任あずさ監査法人," 4,352 ",--
192,7564,E03296,㈱ワークマン,小売業,JASDAQ スタンダード,3月末日,日本基準,非連結,有限責任監査法人トーマツ," 622,035 ",--
193,7578,E03304,㈱ニチリョク,小売業,JASDAQ スタンダード,3月末日,日本基準,非連結,EY新日本有限責任監査法人," 3,002 ",--
194,7597,E02893,東京貴宝㈱,卸売業,JASDAQ スタンダード,3月末日,日本基準,非連結,永和監査法人, 864 ,--
195,7621,E03324,㈱うかい,小売業,JASDAQ スタンダード,3月末日,日本基準,非連結,ＰｗＣあらた有限責任監査法人," 16,074 ",--
196,7687,E35491,㈱ミクリード,卸売業,東証マザーズ,3月末日,日本基準,非連結,太陽有限責任監査法人," 2,581 ",--
197,7689,E35554,㈱コパ・コーポレーション,卸売業,東証マザーズ,3月末日,日本基準,非連結,應和監査法人," 8,918 ",--
198,7694,E36123,㈱いつも,小売業,東証マザーズ,3月末日,日本基準,非連結,太陽有限責任監査法人," 19,859 ",--
199,7695,E35766,㈱交換できるくん,小売業,東証マザーズ,3月末日,日本基準,非連結,EY新日本有限責任監査法人," 11,107 ",--
200,7698,E36435,㈱アイスコ,卸売業,JASDAQ スタンダード,3月末日,日本基準,非連結,ＰｗＣ京都監査法人," 3,976 ",--
201,7748,E02353,㈱ホロン,精密機器,JASDAQ スタンダード,3月末日,日本基準,非連結,アーク有限責任監査法人," 12,714 ",--
202,7774,E02357,㈱ジャパン・ティッシュ・エンジニアリング,精密機器,JASDAQ グロース,3月末日,日本基準,非連結,有限責任あずさ監査法人," 28,427 ",--
203,7775,E22509,大研医器㈱,精密機器,東証一部,3月末日,日本基準,非連結,有限責任あずさ監査法人," 17,830 ",--
204,7791,E36627,ドリームベッド㈱,その他製品,東証二部,3月末日,日本基準,非連結,有限責任あずさ監査法人,--,--
205,7851,E02459,カワセコンピュータサプライ㈱,その他製品,東証二部,3月末日,日本基準,非連結,仰星監査法人," 1,491 ",--
206,7855,E00732,カーディナル㈱,その他製品,JASDAQ グロース,3月末日,日本基準,非連結,ネクサス監査法人," 1,148 ",--
207,7863,E00734,㈱平賀,その他製品,JASDAQ スタンダード,3月末日,日本基準,非連結,監査法人ハイビスカス," 3,999 ",--
208,7896,E00633,セブン工業㈱,その他製品,東証二部、名証二部,3月末日,日本基準,非連結,有限責任あずさ監査法人," 2,771 ",--
209,7902,E02428,㈱ソノコム,その他製品,JASDAQ スタンダード,3月末日,日本基準,非連結,仰星監査法人," 4,250 ",--
210,7937,E03180,㈱ツツミ,その他製品,東証一部,3月末日,日本基準,非連結,有限責任あずさ監査法人," 46,325 ",--
211,7939,E01428,㈱研創,その他製品,JASDAQ スタンダード,3月末日,日本基準,非連結,晄和監査法人," 1,709 ",--
212,7949,E02408,小松ウオール工業㈱,その他製品,東証一部,3月末日,日本基準,非連結,有限責任監査法人トーマツ," 20,988 ",--
213,7950,E02407,日本デコラックス㈱,化　学,名証二部,3月末日,日本基準,非連結,有限責任あずさ監査法人," 5,009 ",--
214,7980,E02383,㈱重松製作所,その他製品,JASDAQ スタンダード,3月末日,日本基準,非連結,アーク有限責任監査法人," 6,343 ",--
215,8145,E02646,中部水産㈱,卸売業,名証二部,3月末日,日本基準,非連結,太陽有限責任監査法人," 4,875 ",--
216,8209,E03110,㈱フレンドリー,小売業,東証二部,3月末日,日本基準,非連結,仰星監査法人," 1,282 ",--
217,8283,E02691,㈱ＰＡＬＴＡＣ,卸売業,東証一部,3月末日,日本基準,非連結,有限責任あずさ監査法人," 368,610 ",--
218,8298,E02690,㈱ファミリー,小売業,JASDAQ スタンダード,3月末日,日本基準,非連結,千葉第一監査法人," 4,890 ",--
219,8540,E03666,㈱福岡中央銀行,銀行業,福証上場,3月末日,日本基準,非連結,EY新日本有限責任監査法人," 6,259 ",--
220,8559,E03673,㈱豊和銀行,銀行業,福証上場,3月末日,日本基準,非連結,EY新日本有限責任監査法人," 3,632 ",--
221,8617,E03793,光世証券㈱,証券、商品先物取引業,東証一部,3月末日,日本基準,非連結,有限責任あずさ監査法人," 6,137 ",--
222,8622,E03762,水戸証券㈱,証券、商品先物取引業,東証一部,3月末日,日本基準,非連結,有限責任監査法人トーマツ," 21,701 ",--
223,8628,E03807,松井証券㈱,証券、商品先物取引業,東証一部,3月末日,日本基準,非連結,ＰｗＣあらた有限責任監査法人," 216,486 ",--
224,8700,E03792,丸八証券㈱,証券、商品先物取引業,JASDAQ スタンダード,3月末日,日本基準,非連結,EY新日本有限責任監査法人," 5,373 ",--
225,8740,E03728,㈱フジトミ,証券、商品先物取引業,JASDAQ スタンダード,3月末日,日本基準,非連結,アーク有限責任監査法人," 1,797 ",--
226,8772,E03746,㈱アサックス,その他金融業,東証一部,3月末日,日本基準,非連結,EY新日本有限責任監査法人," 23,679 ",--
227,8893,E03994,㈱新日本建物,不動産業,JASDAQ スタンダード,3月末日,日本基準,非連結,仰星監査法人," 8,125 ",--
228,8898,E05238,㈱センチュリー２１・ジャパン,不動産業,JASDAQ スタンダード,3月末日,日本基準,非連結,有限責任あずさ監査法人," 12,027 ",--
229,8903,E04001,㈱サンウッド,不動産業,JASDAQ スタンダード,3月末日,日本基準,非連結,監査法人Ａ＆Ａパートナーズ," 2,936 ",--
230,9036,E04221,東部ネットワーク㈱,陸運業,JASDAQ スタンダード,3月末日,日本基準,非連結,EY新日本有限責任監査法人," 5,599 ",--
231,9040,E04217,大宝運輸㈱,陸運業,名証二部,3月20日,日本基準,非連結,有限責任あずさ監査法人," 2,426 ",--
232,9206,E26084,㈱スターフライヤー,空運業,東証二部,3月末日,日本基準,非連結,有限責任あずさ監査法人," 8,565 ",--
233,9266,E33570,㈱一家ダイニングプロジェクト,小売業,東証一部,3月末日,日本基準,非連結,EY新日本有限責任監査法人," 3,984 ",--
234,9272,E33882,ブティックス㈱,サービス業,東証マザーズ,3月末日,日本基準,非連結,ＰｗＣ京都監査法人," 8,224 ",--
235,9327,E36405,㈱イー・ロジット,倉庫・運輸関連業,JASDAQ スタンダード,3月末日,日本基準,非連結,EY新日本有限責任監査法人," 6,121 ",--
236,9363,E04247,㈱大運,倉庫・運輸関連業,東証二部,3月末日,日本基準,非連結,かがやき監査法人," 2,036 ",--
237,9422,E05547,コネクシオ㈱,情報・通信業,東証一部,3月末日,日本基準,非連結,有限責任監査法人トーマツ," 67,151 ",--
238,9423,E05528,㈱ＦＲＳ,情報・通信業,JASDAQ スタンダード,3月末日,日本基準,非連結,太陽有限責任監査法人," 2,368 ",--
239,9467,E30908,㈱アルファポリス,情報・通信業,東証マザーズ,3月末日,日本基準,非連結,東陽監査法人," 32,307 ",--
240,9625,E04899,㈱セレスポ,サービス業,JASDAQ スタンダード,3月末日,日本基準,非連結,有限責任監査法人トーマツ," 4,996 ",--
241,9643,E04596,中日本興業㈱,サービス業,名証二部,3月末日,日本基準,非連結,"早稲田公認会計士事務所,前田勝己公認会計士事務所"," 5,383 ",--
242,9664,E04609,㈱御園座,サービス業,名証二部,3月末日,日本基準,非連結,東陽監査法人," 11,190 ",--
243,9695,E04576,㈱鴨川グランドホテル,サービス業,JASDAQ スタンダード,3月末日,日本基準,非連結,千葉第一監査法人," 3,000 ",--
244,9701,E04535,㈱東京會舘,サービス業,東証二部,3月末日,日本基準,非連結,きさらぎ監査法人," 10,668 ",--
245,9723,E04550,㈱京都ホテル,サービス業,東証二部,3月末日,日本基準,非連結,有限責任監査法人トーマツ," 8,180 ",--
246,9753,E04815,アイエックス・ナレッジ㈱,情報・通信業,JASDAQ スタンダード,3月末日,日本基準,非連結,有限責任あずさ監査法人," 8,668 ",--
247,9799,E04920,旭情報サービス㈱,情報・通信業,東証二部,3月末日,日本基準,非連結,EY新日本有限責任監査法人," 10,198 ",--
248,9878,E03160,㈱セキド,小売業,東証二部,3月20日,日本基準,非連結,ＫＤＡ監査法人," 3,890 ",--
249,9904,E03181,㈱ベリテ,小売業,東証二部,3月末日,日本基準,非連結,ＲＳＭ清和監査法人," 12,989 ",--
250,9909,E02750,愛光電気㈱,卸売業,JASDAQ スタンダード,3月20日,日本基準,非連結,有限責任あずさ監査法人," 1,349 ",--
251,9914,E02753,㈱植松商会,卸売業,JASDAQ スタンダード,3月20日,日本基準,非連結,有限責任監査法人トーマツ," 1,675 ",--